achieved_output_tps,cell_id,characterization_sha256,code_commit,completion_rate,config_sha256,failed,finished,itl_p50_ms,itl_p99_ms,kv_imbalance_max,kv_imbalance_mean,kv_imbalance_p99,kv_utilization_max,kv_utilization_mean,kv_utilization_p99,offered_output_tps,offered_rps,oldest_waiting_age_max,oldest_waiting_age_mean,oldest_waiting_age_p99,phase,prefix_affinity,prefix_matched_blocks,queue_imbalance_max,queue_imbalance_mean,queue_imbalance_p99,raw_token_count_check,rejected,requests_by_replica_0,requests_by_replica_1,router,runner_sha256,seed,slo_goodput_rps,submitted,system_queue_length_max,system_queue_length_mean,system_queue_length_p99,trace_sha256,ttft_p50_ms,ttft_p99_ms,unfinished,waiting_queue_length_max,waiting_queue_length_mean,waiting_queue_length_p99,workload_shape
86.4,prefill_heavy_seed1_round_robin,09d3f9d1d37a9d4b77de35e09b9cb051e718bfe1926b756f49debfed81f7f8ab,bdb6bf89ce64bca946a45ecd75c4f6c718dc6213,1.0,994ed64d9dd78d4520eee279c962ab0a2f299045860cefa16ce87e99ad0773d5,0,96,51.86987482011318,108.97123681381348,1.0,0.2520343580470163,1.0,1.0,0.7347423146473779,1.0,86.4,4.8,0,0,0,P0-2,False,0,8,3.849909584086799,8,1728,0,48,48,round_robin,a50b90970ad29da86aecb23aab47b8b10fa10bb974b90a5aec56a906781f5158,1,0.0,96,30,15.653707052441229,29,76a8b49cf8b5dfaafb9ea7a725bbf06c786067fb0e92afd9ae3aab4af635e1af,11967.884567255775,20721.79973789801,0,29,14.178119349005424,28,prefill_heavy
86.4,prefill_heavy_seed1_resource_aware,09d3f9d1d37a9d4b77de35e09b9cb051e718bfe1926b756f49debfed81f7f8ab,bdb6bf89ce64bca946a45ecd75c4f6c718dc6213,1.0,e2c03714dd313cd356b8cf1a3a5a05aa2b901f87a5dfea34a32e7993743dc599,0,96,58.64618346095085,112.96005547046661,0.625,0.16925,0.625,1.0,0.813375,1.0,86.4,4.8,0,0,0,P0-2,False,0,3,0.606,2,1728,0,47,49,resource_aware,a50b90970ad29da86aecb23aab47b8b10fa10bb974b90a5aec56a906781f5158,1,0.0,96,29,17.673,29,76a8b49cf8b5dfaafb9ea7a725bbf06c786067fb0e92afd9ae3aab4af635e1af,12739.504734675089,19919.713795712836,0,28,16.041,27,prefill_heavy
86.4,prefill_heavy_seed2_round_robin,09d3f9d1d37a9d4b77de35e09b9cb051e718bfe1926b756f49debfed81f7f8ab,bdb6bf89ce64bca946a45ecd75c4f6c718dc6213,1.0,be41983d9b649a50532b9e0b7299304c3e8faf7e3707d9007423ac60104ef024,0,96,51.563022658228874,103.69502194225788,1.0,0.2520343580470163,1.0,1.0,0.7347423146473779,1.0,86.4,4.8,0,0,0,P0-2,False,0,8,3.878842676311031,8,1728,0,48,48,round_robin,a50b90970ad29da86aecb23aab47b8b10fa10bb974b90a5aec56a906781f5158,2,0.0,96,28,14.328209764918626,27,ea024ecd453b69fbd3976d37457aec67ca896a447fb286abb5e8a5bc94ce9aaf,10243.67447104305,18128.971906254686,0,27,12.85262206148282,25,prefill_heavy
86.4,prefill_heavy_seed2_resource_aware,09d3f9d1d37a9d4b77de35e09b9cb051e718bfe1926b756f49debfed81f7f8ab,bdb6bf89ce64bca946a45ecd75c4f6c718dc6213,1.0,d5b10031fa4170a50784bffaf0607ab57be0b32182f1a1deae507619302e0a77,0,96,49.921441823244095,103.17151267081502,0.625,0.19781553398058252,0.625,1.0,0.7904126213592233,1.0,86.4,4.8,0,0,0,P0-2,False,0,3,0.883495145631068,2,1728,0,49,47,resource_aware,a50b90970ad29da86aecb23aab47b8b10fa10bb974b90a5aec56a906781f5158,2,0.05,96,20,14.218446601941748,20,ea024ecd453b69fbd3976d37457aec67ca896a447fb286abb5e8a5bc94ce9aaf,6975.405255022148,12201.200273757177,0,19,12.633980582524272,18,prefill_heavy
86.4,prefill_heavy_seed3_round_robin,09d3f9d1d37a9d4b77de35e09b9cb051e718bfe1926b756f49debfed81f7f8ab,bdb6bf89ce64bca946a45ecd75c4f6c718dc6213,1.0,b655ee1f390d3caf87752b71a49545fba77ef056c800997813dcd693dc9cca00,0,96,51.13648064434528,101.29348671063781,1.0,0.2520343580470163,1.0,1.0,0.7347423146473779,1.0,86.4,4.8,0,0,0,P0-2,False,0,8,3.8860759493670884,8,1728,0,48,48,round_robin,a50b90970ad29da86aecb23aab47b8b10fa10bb974b90a5aec56a906781f5158,3,0.0,96,28,14.735081374321881,27,548a9b88b6b335e5d710e65cd1473b647b4d00d3f9352c90bdef800ef25ae3e9,10338.496929655472,19137.555230160553,0,27,13.259493670886076,26,prefill_heavy
86.4,prefill_heavy_seed3_resource_aware,09d3f9d1d37a9d4b77de35e09b9cb051e718bfe1926b756f49debfed81f7f8ab,bdb6bf89ce64bca946a45ecd75c4f6c718dc6213,1.0,334a5a7e5cd2762dfe072494740a3134cf7cea92ec86105a2f7ad3f0ff4df90d,0,96,53.94622124731541,111.46179996430888,0.75,0.17083333333333334,0.625,1.0,0.7966911764705882,1.0,86.4,4.8,0,0,0,P0-2,False,0,3,0.8470588235294118,3,1728,0,48,48,resource_aware,a50b90970ad29da86aecb23aab47b8b10fa10bb974b90a5aec56a906781f5158,3,0.0,96,29,17.184313725490195,29,548a9b88b6b335e5d710e65cd1473b647b4d00d3f9352c90bdef800ef25ae3e9,12327.210276698072,19798.29066979388,0,27,15.584313725490196,27,prefill_heavy
268.8,balanced_seed1_round_robin,09d3f9d1d37a9d4b77de35e09b9cb051e718bfe1926b756f49debfed81f7f8ab,bdb6bf89ce64bca946a45ecd75c4f6c718dc6213,1.0,842195c7b80f31c3eac9d4ef632502409c375d8877d48dc5cf4c9bad710e7704,0,96,45.616839081048965,108.75415988266468,1.0,0.11385050251256282,0.5,1.0,0.9308260050251256,1.0,268.8,4.8,0,0,0,P0-2,False,0,3,1.0615577889447236,3,5376,0,48,48,round_robin,a50b90970ad29da86aecb23aab47b8b10fa10bb974b90a5aec56a906781f5158,1,0.3,96,35,19.72927135678392,34,ace6497e2a31e80a7ccce203498970f8b0b67587e47ca7480c080a296e8c0837,15723.750822556514,28175.10579486067,0,32,16.412688442211056,31,balanced
268.8,balanced_seed1_resource_aware,09d3f9d1d37a9d4b77de35e09b9cb051e718bfe1926b756f49debfed81f7f8ab,bdb6bf89ce64bca946a45ecd75c4f6c718dc6213,1.0,1c23a67b4795bf3061dce9d5a25db129fc002e910df4211a876731b8b56d060d,0,96,35.85213702172041,88.56894820928574,0.625,0.11044117647058824,0.5,1.0,0.8783088235294118,1.0,268.8,4.8,0,0,0,P0-2,False,0,3,0.8305882352941176,3,5376,0,49,47,resource_aware,a50b90970ad29da86aecb23aab47b8b10fa10bb974b90a5aec56a906781f5158,1,0.35,96,29,17.034117647058824,29,ace6497e2a31e80a7ccce203498970f8b0b67587e47ca7480c080a296e8c0837,8465.27630276978,15921.57429990669,0,26,13.928235294117647,26,balanced
268.8,balanced_seed2_round_robin,09d3f9d1d37a9d4b77de35e09b9cb051e718bfe1926b756f49debfed81f7f8ab,bdb6bf89ce64bca946a45ecd75c4f6c718dc6213,1.0,c44f3b3b946b6f88ff5952330e2095b99fe9ed9f5a48a31309d6ce4b188e82a1,0,96,30.938684940338135,64.74378705024719,1.0,0.11385050251256282,0.5,1.0,0.9308260050251256,1.0,268.8,4.8,0,0,0,P0-2,False,0,3,1.0628140703517588,3,5376,0,48,48,round_robin,a50b90970ad29da86aecb23aab47b8b10fa10bb974b90a5aec56a906781f5158,2,0.85,96,24,15.307788944723619,24,d557db379811fb260bf1f1c5c364a944a2070fcff98fcfe90d369ae408819573,7947.555129726727,13265.499829749264,0,22,11.991206030150753,21,balanced
268.8,balanced_seed2_resource_aware,09d3f9d1d37a9d4b77de35e09b9cb051e718bfe1926b756f49debfed81f7f8ab,bdb6bf89ce64bca946a45ecd75c4f6c718dc6213,1.0,958b3afebbb793685c1c28565ea545005a1078061fbcecd09e09bdc68f8be0f1,0,96,47.051324509084225,108.03405568003654,1.0,0.10787037037037037,0.75,1.0,0.9195216049382716,1.0,268.8,4.8,0,0,0,P0-2,False,0,3,0.7407407407407407,2,5376,0,48,48,resource_aware,a50b90970ad29da86aecb23aab47b8b10fa10bb974b90a5aec56a906781f5158,2,0.3,96,35,19.749382716049382,34,d557db379811fb260bf1f1c5c364a944a2070fcff98fcfe90d369ae408819573,15250.4525349165,27415.53058776383,0,32,16.490123456790123,31,balanced
268.8,balanced_seed3_round_robin,09d3f9d1d37a9d4b77de35e09b9cb051e718bfe1926b756f49debfed81f7f8ab,bdb6bf89ce64bca946a45ecd75c4f6c718dc6213,1.0,f9f5f9802ddb1fd575c299693ede066328c43900de2a8b20a06587d8d8392eea,0,96,31.409299932420254,85.15145257115364,1.0,0.11385050251256282,0.5,1.0,0.9308260050251256,1.0,268.8,4.8,0,0,0,P0-2,False,0,3,1.0439698492462313,3,5376,0,48,48,round_robin,a50b90970ad29da86aecb23aab47b8b10fa10bb974b90a5aec56a906781f5158,3,0.55,96,27,16.143844221105528,27,8d5d61463c3e4684acc4cf9726be0a2124f62fd701cd70d83f18d3b308c0f24a,9083.335135442514,14808.001368554927,0,24,12.827261306532664,23,balanced
268.8,balanced_seed3_resource_aware,09d3f9d1d37a9d4b77de35e09b9cb051e718bfe1926b756f49debfed81f7f8ab,bdb6bf89ce64bca946a45ecd75c4f6c718dc6213,1.0,4d0ac11fd987c3861124be84a99eb283fe3c2597504ecd462b8f5b6c6b9e2664,0,96,42.36030951142311,99.11436028778553,0.625,0.11269507803121248,0.5,1.0,0.8938325330132053,1.0,268.8,4.8,0,0,0,P0-2,False,0,8,1.2713085234093637,6,5376,0,48,48,resource_aware,a50b90970ad29da86aecb23aab47b8b10fa10bb974b90a5aec56a906781f5158,3,0.35,96,28,16.756902761104442,28,8d5d61463c3e4684acc4cf9726be0a2124f62fd701cd70d83f18d3b308c0f24a,7485.17931997776,18539.11383344481,0,25,13.587635054021609,25,balanced
729.6,decode_heavy_seed1_round_robin,09d3f9d1d37a9d4b77de35e09b9cb051e718bfe1926b756f49debfed81f7f8ab,bdb6bf89ce64bca946a45ecd75c4f6c718dc6213,1.0,4c32b172d717fc73c320601ff6450ceabab1e23c21a47dc9cee233ed77285f18,0,96,27.57292054593563,56.698933243751526,1.0,0.25737207285342584,1.0,1.0,0.7857762359063313,1.0,729.6,4.8,0,0,0,P0-2,False,0,17,6.935819601040763,16,14592,0,48,48,round_robin,a50b90970ad29da86aecb23aab47b8b10fa10bb974b90a5aec56a906781f5158,1,3.35,96,26,11.837380745880312,25,8a35981d462750b8af9e8583d750b08e048382e398d41104b347efa8a02d00e0,3284.0508234997587,11255.470751443254,0,18,5.5511708586296615,17,decode_heavy
729.6,decode_heavy_seed1_resource_aware,09d3f9d1d37a9d4b77de35e09b9cb051e718bfe1926b756f49debfed81f7f8ab,bdb6bf89ce64bca946a45ecd75c4f6c718dc6213,1.0,b782950a7e8433ee3de0485976075980892eb30ae15636a2a97432b94e1ae88f,0,96,28.724102303385735,63.004691153764725,0.375,0.03094541910331384,0.25,1.0,0.8830409356725146,1.0,729.6,4.8,0,0,0,P0-2,False,0,7,1.1208576998050683,6,14592,0,51,45,resource_aware,a50b90970ad29da86aecb23aab47b8b10fa10bb974b90a5aec56a906781f5158,1,2.45,96,27,14.294346978557504,26,8a35981d462750b8af9e8583d750b08e048382e398d41104b347efa8a02d00e0,4938.343288376927,10134.43404594436,0,19,7.230019493177388,18,decode_heavy
729.6,decode_heavy_seed2_round_robin,09d3f9d1d37a9d4b77de35e09b9cb051e718bfe1926b756f49debfed81f7f8ab,bdb6bf89ce64bca946a45ecd75c4f6c718dc6213,1.0,de668155f0b4cf95c677db5fe6e03ce401062bc28156211251006fa8855d1cbd,0,96,30.215565115213394,62.48295120894909,1.0,0.2565047701647875,1.0,1.0,0.7857762359063313,1.0,729.6,4.8,0,0,0,P0-2,False,0,17,6.954900260190807,16,14592,0,48,48,round_robin,a50b90970ad29da86aecb23aab47b8b10fa10bb974b90a5aec56a906781f5158,2,2.2,96,31,13.763660017346053,30,d2f750044166e82c5114437722c6118e3ae64d2c938c17558735cacdda5080df,5352.752362067499,15432.370826074231,0,23,7.477450130095403,22,decode_heavy
729.6,decode_heavy_seed2_resource_aware,09d3f9d1d37a9d4b77de35e09b9cb051e718bfe1926b756f49debfed81f7f8ab,bdb6bf89ce64bca946a45ecd75c4f6c718dc6213,1.0,2782c1e19c031fa02d79df053ee939a5b9671aea489705086ea7cffca08d305b,0,96,29.582079499959946,63.29709105193615,0.375,0.02259185700099305,0.25,1.0,0.8997020854021847,1.0,729.6,4.8,0,0,0,P0-2,False,0,5,0.8828202581926514,5,14592,0,51,45,resource_aware,a50b90970ad29da86aecb23aab47b8b10fa10bb974b90a5aec56a906781f5158,2,2.7,96,24,13.932969215491559,23,d2f750044166e82c5114437722c6118e3ae64d2c938c17558735cacdda5080df,4702.192206556598,9572.322650098547,0,16,6.7353525322740815,15,decode_heavy
729.6,decode_heavy_seed3_round_robin,09d3f9d1d37a9d4b77de35e09b9cb051e718bfe1926b756f49debfed81f7f8ab,bdb6bf89ce64bca946a45ecd75c4f6c718dc6213,1.0,9c9a78dbb6a06e04877b75414cf56da856d82ee09a03ed420c016c0961d7929c,0,96,30.869804322719574,63.64993564784527,1.0,0.2567215958369471,1.0,1.0,0.7857762359063313,1.0,729.6,4.8,0,0,0,P0-2,False,0,17,6.959236773633998,16,14592,0,48,48,round_robin,a50b90970ad29da86aecb23aab47b8b10fa10bb974b90a5aec56a906781f5158,3,2.45,96,31,13.29141370338248,29,85a62e5f724fecf24a354187d947418b3a65dcb7bfd2b6b7daa2dc97cfd01cfd,4913.797772489486,14161.274406158675,0,23,7.00520381613183,22,decode_heavy
729.6,decode_heavy_seed3_resource_aware,09d3f9d1d37a9d4b77de35e09b9cb051e718bfe1926b756f49debfed81f7f8ab,bdb6bf89ce64bca946a45ecd75c4f6c718dc6213,1.0,d99f7de83639bbdf2e9f34562b355c77c40689f335c26b022fde23c3d12126e7,0,96,30.299091711640358,84.25416983664036,0.375,0.03070175438596491,0.25,1.0,0.8830409356725146,1.0,729.6,4.8,0,0,0,P0-2,False,0,6,1.1169590643274854,6,14592,0,51,45,resource_aware,a50b90970ad29da86aecb23aab47b8b10fa10bb974b90a5aec56a906781f5158,3,2.3,96,25,14.470760233918128,25,85a62e5f724fecf24a354187d947418b3a65dcb7bfd2b6b7daa2dc97cfd01cfd,5269.893856408695,13020.200757930674,0,18,7.406432748538012,17,decode_heavy
192.0,prefix_heavy_seed1_round_robin,09d3f9d1d37a9d4b77de35e09b9cb051e718bfe1926b756f49debfed81f7f8ab,bdb6bf89ce64bca946a45ecd75c4f6c718dc6213,1.0,8058295ecedc7949742437c565fec325ddc6063eee9584683b43a603d66a7a23,0,96,45.81022635102272,108.7405327707529,0.875,0.247626582278481,0.875,1.0,0.7815664556962025,1.0,192.0,4.8,0,0,0,P0-2,False,93,12,5.077215189873418,11,3840,0,48,48,round_robin,a50b90970ad29da86aecb23aab47b8b10fa10bb974b90a5aec56a906781f5158,1,0.05,96,36,17.785443037974684,35,71931e2aeafe150df101030cdedccc12f8c92b6aa444fcd586c46506f59ae126,11778.402303345501,28765.804761399824,0,33,15.415822784810127,32,prefix_heavy
192.0,prefix_heavy_seed1_resource_aware,09d3f9d1d37a9d4b77de35e09b9cb051e718bfe1926b756f49debfed81f7f8ab,bdb6bf89ce64bca946a45ecd75c4f6c718dc6213,1.0,32d188ebac6c8255e25dfc8c049fd8a9ee6391a645755071db8837a3d67a086e,0,96,42.397260665893555,90.54639004170895,0.875,0.11673414304993253,0.875,1.0,0.8491902834008097,1.0,192.0,4.8,0,0,0,P0-2,True,90,4,1.5033738191632928,4,3840,0,51,45,resource_aware,a50b90970ad29da86aecb23aab47b8b10fa10bb974b90a5aec56a906781f5158,1,0.3,96,28,17.18353576248313,27,71931e2aeafe150df101030cdedccc12f8c92b6aa444fcd586c46506f59ae126,9057.450168145198,17056.4703622212,0,26,14.657219973009447,25,prefix_heavy
192.0,prefix_heavy_seed2_round_robin,09d3f9d1d37a9d4b77de35e09b9cb051e718bfe1926b756f49debfed81f7f8ab,bdb6bf89ce64bca946a45ecd75c4f6c718dc6213,1.0,ea0b83e9f1aa421cf3d9588bf893459f73be3a151011dee104f486779eea6b5f,0,96,43.791862204670906,102.46522165834904,0.875,0.24145569620253166,0.875,1.0,0.7825949367088607,1.0,192.0,4.8,0,0,0,P0-2,False,93,11,5.050632911392405,11,3840,0,48,48,round_robin,a50b90970ad29da86aecb23aab47b8b10fa10bb974b90a5aec56a906781f5158,2,0.05,96,35,17.674683544303797,34,66c10574f1393c25ac29a872eb15a05a4ba8012edadf9f9cbc1f0f5ef428eee6,11145.718632886807,25162.88758267959,0,32,15.305063291139241,31,prefix_heavy
192.0,prefix_heavy_seed2_resource_aware,09d3f9d1d37a9d4b77de35e09b9cb051e718bfe1926b756f49debfed81f7f8ab,bdb6bf89ce64bca946a45ecd75c4f6c718dc6213,1.0,73928422001930dd933294649f0912e79339e306d15d325d273ff4d2841feefc,0,96,43.88727992773056,102.00288519263268,0.875,0.12838273195876287,0.5,1.0,0.8420586340206185,1.0,192.0,4.8,0,0,0,P0-2,True,87,3,0.8891752577319587,3,3840,0,49,47,resource_aware,a50b90970ad29da86aecb23aab47b8b10fa10bb974b90a5aec56a906781f5158,2,0.05,96,34,18.927835051546392,33,66c10574f1393c25ac29a872eb15a05a4ba8012edadf9f9cbc1f0f5ef428eee6,13551.262783507505,23900.000240933146,0,31,16.515463917525775,30,prefix_heavy
192.0,prefix_heavy_seed3_round_robin,09d3f9d1d37a9d4b77de35e09b9cb051e718bfe1926b756f49debfed81f7f8ab,bdb6bf89ce64bca946a45ecd75c4f6c718dc6213,1.0,6418cd8e1ef1c2eb7af31566bd8f18c98124c1e36cba612642b66f1111da333c,0,96,44.34411600232124,105.21074570715427,0.875,0.23908227848101266,0.875,1.0,0.7850474683544304,1.0,192.0,4.8,0,0,0,P0-2,False,93,10,5.4481012658227845,10,3840,0,48,48,round_robin,a50b90970ad29da86aecb23aab47b8b10fa10bb974b90a5aec56a906781f5158,3,0.05,96,36,17.68860759493671,34,ee41ab704e04bab696f54c2c75b56763772d03556f45e4812deec2f7da8fe1c7,12564.242999690274,28079.53501207133,0,33,15.318987341772152,32,prefix_heavy
192.0,prefix_heavy_seed3_resource_aware,09d3f9d1d37a9d4b77de35e09b9cb051e718bfe1926b756f49debfed81f7f8ab,bdb6bf89ce64bca946a45ecd75c4f6c718dc6213,1.0,3d035d446d2c087476269be4b682f2776f4eb0ef3f814ae916692c4705098afa,0,96,43.76239888370037,102.30944700539114,0.75,0.11254914809960681,0.5,1.0,0.8460845347313237,1.0,192.0,4.8,0,0,0,P0-2,True,88,4,1.7103538663171691,4,3840,0,51,45,resource_aware,a50b90970ad29da86aecb23aab47b8b10fa10bb974b90a5aec56a906781f5158,3,0.05,96,34,18.78440366972477,33,ee41ab704e04bab696f54c2c75b56763772d03556f45e4812deec2f7da8fe1c7,12298.122869183619,20085.43477446462,0,31,16.330930537352554,31,prefix_heavy
